id_do_veiculo,tipo_de_veiculo,modelo_do_veiculo,categoria_das_pecas,nome_das_pecas,marca_das_pecas,modelo_do_veiculo_compativel,ano_do_veiculo_compativel,preco_da_peca,estoque,fornecedor_da_peca,codigo_de_barras,peso_da_peca_(kg),dimensao_da_peca_(cm),material_principal_da_peca,garantia_(meses),descricao_da_peca,numero_oem,data_de_fabricacao_da_peca,origem_da_peca
1,carro,vw gol,interior,botão do painel,monroe,vw gol,2016,1662.15,6,Dias,1551224547547,18.87,50x49x39,plástico,12,"botão do painel da marca monroe, compatível com vw gol, fabricado com alumínio.",OE69769313,2023-02-17,eua
2,caminhao,mercedes-benz actros,iluminacao,lanterna traseira,mahle,mercedes-benz actros,2021,2040.3,77,Nunes,4094490498467,9.98,27x11x9,plástico,36,"lanterna traseira da marca mahle, compatível com mercedes-benz actros, fabricado com aço.",OE49027333,2023-04-26,itália
3,caminhao,volvo fh 540,suspensao,amortecedor,cofap,volvo fh 540,2024,3848.63,22,Costela,9264219124785,74.39,39x51x14,aço,6,"amortecedor da marca cofap, compatível com volvo fh 540, fabricado com cerâmica.",OE63832336,2022-07-04,alemanha
4,carro,vw gol,iluminacao,lampada de farol,magneti marelli,vw gol,2011,1308.37,41,da Rosa,6878916844384,43.84,50x18x24,vidro,6,"lampada de farol da marca magneti marelli, compatível com vw gol, fabricado com cerâmica.",OE51196599,2022-06-22,méxico
5,carro,vw gol,eletrica,motor de partida,cofap,vw gol,2024,3781.61,46,Souza,3459596642274,38.81,24x34x27,aço,12,"motor de partida da marca cofap, compatível com vw gol, fabricado com aço.",OE31763631,2023-12-20,eua
7,caminhao,ford cargo 2429,motor,filtro de oleo,trw,ford cargo 2429,2015,1131.34,76,Porto,9418915582824,16.44,36x17x32,papel,12,"filtro de oleo da marca trw, compatível com ford cargo 2429, fabricado com cerâmica.",OE27365695,2023-12-23,japão
8,caminhao,scania r440,motor,bomba de oleo,trw,scania r440,2022,90.93,11,Costela,3423280504766,11.31,63x80x10,alumínio,6,"bomba de oleo da marca trw, compatível com scania r440, fabricado com plástico.",OE32802050,2022-07-16,itália
9,carro,chevrolet onix,eletrica,relé,cofap,chevrolet onix,2022,4356.49,24,Viana,8122586752264,26.98,22x55x24,plástico,12,"relé da marca cofap, compatível com chevrolet onix, fabricado com borracha.",OE63932577,2024-03-23,eua
11,carro,fiat uno,ar-condicionado,evaporador,trw,fiat uno,2023,177.34,74,Campos e Filhos,2197700216942,56.07,67x24x30,alumínio,24,"evaporador da marca trw, compatível com fiat uno, fabricado com plástico.",OE59691028,2025-03-18,brasil
12,carro,hyundai hb20,iluminacao,lampada de farol,luk,hyundai hb20,2024,5877.24,18,Cardoso,401540277714,18.38,15x16x20,vidro,6,"lampada de farol da marca luk, compatível com hyundai hb20, fabricado com aço.",OE50025082,2023-10-04,itália
13,caminhao,volvo fh 540,iluminacao,farol dianteiro,luk,volvo fh 540,2017,1464.44,65,Gonçalves,954596975726,21.6,61x48x11,vidro,36,"farol dianteiro da marca luk, compatível com volvo fh 540, fabricado com vidro.",OE18484450,2025-01-14,alemanha
14,carro,peugeot 208,freios,pastilha de freio,trw,peugeot 208,2024,4734.73,94,Rezende Cardoso - EI,5531592428163,58.92,68x70x26,cerâmica,18,"pastilha de freio da marca trw, compatível com peugeot 208, fabricado com aço.",OE49215100,2024-12-27,alemanha
15,carro,renault sandero,ar-condicionado,evaporador,monroe,renault sandero,2012,4912.44,43,da Cunha e Filhos,6657315820584,61.57,47x59x22,alumínio,36,"evaporador da marca monroe, compatível com renault sandero, fabricado com vidro.",OE60121089,2023-08-16,brasil
17,caminhao,daf xf 105,interior,painel central,mahle,daf xf 105,2019,3611.97,95,Moraes,557658584456,49.91,18x58x20,plástico,6,"painel central da marca mahle, compatível com daf xf 105, fabricado com borracha.",OE61086227,2023-05-25,itália
18,caminhao,ford cargo 2429,motor,bomba de oleo,magneti marelli,ford cargo 2429,2022,1350.73,17,Pires,8484768464410,39.19,31x19x14,alumínio,12,"bomba de oleo da marca magneti marelli, compatível com ford cargo 2429, fabricado com alumínio.",OE50708418,2024-07-03,méxico
19,carro,chevrolet onix,iluminacao,lampada de farol,hella,chevrolet onix,2024,1210.87,81,Martins Barros - EI,7208791767451,50.48,38x28x38,vidro,24,"lampada de farol da marca hella, compatível com chevrolet onix, fabricado com alumínio.",OE89540866,2024-02-18,alemanha
20,carro,renault sandero,interior,maçaneta interna,trw,renault sandero,2024,2634.5,33,Monteiro S.A.,3683385611602,1.02,56x65x32,borracha,36,"maçaneta interna da marca trw, compatível com renault sandero, fabricado com borracha.",OE96305034,2024-06-11,alemanha
21,caminhao,iveco stralis,ar-condicionado,compressor de ar,bosch,iveco stralis,2015,3954.95,63,da Costa Ltda.,8869138821381,21.86,11x19x43,alumínio,12,"compressor de ar da marca bosch, compatível com iveco stralis, fabricado com cerâmica.",OE84235838,2024-03-21,china
22,caminhao,ford cargo 2429,iluminacao,lanterna traseira,magneti marelli,ford cargo 2429,2018,5233.79,71,Melo Santos S.A.,3761941188246,12.82,27x50x19,plástico,24,"lanterna traseira da marca magneti marelli, compatível com ford cargo 2429, fabricado com cerâmica.",OE54001309,2024-11-04,méxico
24,carro,toyota corolla,iluminacao,lanterna traseira,mahle,toyota corolla,2012,1365.77,22,Melo - ME,7320688828622,18.92,32x78x33,plástico,36,"lanterna traseira da marca mahle, compatível com toyota corolla, fabricado com vidro.",OE56876550,2024-10-10,japão
25,caminhao,mercedes-benz actros,iluminacao,farol dianteiro,monroe,mercedes-benz actros,2023,4865.08,25,Moraes Silveira - EI,8691655749448,68.64,74x66x5,vidro,6,"farol dianteiro da marca monroe, compatível com mercedes-benz actros, fabricado com ferro fundido.",OE32403639,2024-10-06,brasil
26,caminhao,ford cargo 2429,interior,painel central,cofap,ford cargo 2429,2020,3541.95,62,Oliveira Ltda.,4998207058497,49.02,15x76x31,plástico,6,"painel central da marca cofap, compatível com ford cargo 2429, fabricado com ferro fundido.",OE66980318,2023-04-10,china
27,carro,chevrolet onix,iluminacao,lampada de farol,valeo,chevrolet onix,2020,3639.72,7,Moreira Ltda.,1453079180576,31.8,11x12x15,vidro,12,"lampada de farol da marca valeo, compatível com chevrolet onix, fabricado com aço.",OE62026125,2024-05-02,brasil
28,carro,chevrolet onix,eletrica,sensor de pressão,trw,chevrolet onix,2020,123.32,55,Rodrigues das Neves - EI,6484542631856,65.44,48x76x49,borracha,12,"sensor de pressão da marca trw, compatível com chevrolet onix, fabricado com borracha.",OE53963443,2025-01-29,brasil
29,carro,toyota corolla,ar-condicionado,compressor de ar,hella,toyota corolla,2016,2728.35,33,Vieira,979192945287,68.3,28x79x5,alumínio,36,"compressor de ar da marca hella, compatível com toyota corolla, fabricado com borracha.",OE45560917,2022-09-05,brasil
30,carro,chevrolet onix,motor,bomba de oleo,luk,chevrolet onix,2018,2119.78,52,Caldeira Costa - ME,7921218899312,39.14,69x15x5,alumínio,36,"bomba de oleo da marca luk, compatível com chevrolet onix, fabricado com borracha.",OE15208622,2023-12-22,méxico
31,carro,nissan versa,interior,botão do painel,cofap,nissan versa,2011,3401.01,48,Silveira Correia e Filhos,3093207120630,74.64,20x78x28,plástico,12,"botão do painel da marca cofap, compatível com nissan versa, fabricado com aço.",OE95972962,2023-02-09,méxico
32,caminhao,daf xf 105,iluminacao,lanterna traseira,magneti marelli,daf xf 105,2019,4549.08,3,Teixeira,1601636948842,49.01,21x80x21,plástico,24,"lanterna traseira da marca magneti marelli, compatível com daf xf 105, fabricado com cerâmica.",OE18043830,2023-01-22,china
33,caminhao,daf xf 105,freios,disco de freio,hella,daf xf 105,2017,4741.6,77,Lopes,8615058299690,68.38,78x78x10,borracha,12,"disco de freio da marca hella, compatível com daf xf 105, fabricado com borracha.",OE18087205,2024-06-22,eua
34,carro,fiat uno,ar-condicionado,condensador,hella,fiat uno,2016,5033.35,83,Cardoso Martins Ltda.,2708460229686,76.68,67x49x43,alumínio,24,"condensador da marca hella, compatível com fiat uno, fabricado com alumínio.",OE44389876,2022-12-18,brasil
35,carro,honda civic,suspensao,mola helicoidal,valeo,honda civic,2018,2372.54,45,Monteiro,3061670605343,3.85,77x55x22,plástico,36,"mola helicoidal da marca valeo, compatível com honda civic, fabricado com plástico.",OE61516393,2023-08-19,brasil
37,carro,toyota corolla,iluminacao,lampada de farol,luk,toyota corolla,2018,3286.12,2,Ramos,1952691507537,38.82,46x43x6,vidro,36,"lampada de farol da marca luk, compatível com toyota corolla, fabricado com aço.",OE25725539,2022-09-07,japão
38,caminhao,iveco stralis,iluminacao,farol dianteiro,trw,iveco stralis,2018,216.32,66,Lima S/A,8500711074311,29.13,64x23x11,vidro,12,"farol dianteiro da marca trw, compatível com iveco stralis, fabricado com vidro.",OE60191351,2023-05-27,japão
39,carro,chevrolet onix,iluminacao,lanterna traseira,trw,chevrolet onix,2010,672.49,2,Farias,3110819630934,17.4,48x42x39,plástico,24,"lanterna traseira da marca trw, compatível com chevrolet onix, fabricado com alumínio.",OE41587869,2023-03-02,japão
40,carro,nissan versa,suspensao,mola helicoidal,bosch,nissan versa,2017,1959.13,80,Souza Rezende - EI,7252840976165,19.97,60x41x34,cerâmica,18,"mola helicoidal da marca bosch, compatível com nissan versa, fabricado com cerâmica.",OE71518940,2022-06-05,eua
42,caminhao,volkswagen constellation,eletrica,bateria 60ah,luk,volkswagen constellation,2019,1604.82,29,Mendes Costa e Filhos,8573348801834,63.73,79x37x21,plástico,12,"bateria 60ah da marca luk, compatível com volkswagen constellation, fabricado com plástico.",OE19932679,2024-12-02,alemanha
44,carro,chevrolet onix,suspensao,amortecedor,trw,chevrolet onix,2014,5348.86,61,Rocha,6987170969761,69.72,70x38x19,aço,12,"amortecedor da marca trw, compatível com chevrolet onix, fabricado com vidro.",OE32636530,2023-06-26,china
45,carro,jeep renegade,freios,disco de freio,bosch,jeep renegade,2016,364.51,87,Moraes Ltda.,610592264195,13.52,67x79x11,cerâmica,24,"disco de freio da marca bosch, compatível com jeep renegade, fabricado com cerâmica.",OE94214031,2023-03-20,china
47,carro,jeep renegade,eletrica,sensor de pressão,mahle,jeep renegade,2010,4433.95,45,da Rocha Campos S/A,977264807419,71.49,59x25x24,ferro fundido,24,"sensor de pressão da marca mahle, compatível com jeep renegade, fabricado com ferro fundido.",OE91812639,2023-12-05,méxico
48,carro,nissan versa,motor,vela de ignicao,luk,nissan versa,2022,1718.68,100,Gomes - EI,2635737686708,68.33,78x71x26,plástico,36,"vela de ignicao da marca luk, compatível com nissan versa, fabricado com plástico.",OE16353495,2024-12-14,itália
49,carro,hyundai hb20,motor,bomba de oleo,hella,hyundai hb20,2024,5726.32,35,Freitas Nunes S/A,7433870285223,21.88,66x61x14,alumínio,18,"bomba de oleo da marca hella, compatível com hyundai hb20, fabricado com alumínio.",OE73153197,2023-05-13,méxico
50,caminhao,volvo fh 540,motor,filtro de oleo,mahle,volvo fh 540,2018,4124.42,58,Monteiro Aragão - ME,2164841631439,15.26,44x35x26,papel,24,"filtro de oleo da marca mahle, compatível com volvo fh 540, fabricado com ferro fundido.",OE33225568,2022-10-21,alemanha
51,carro,peugeot 208,motor,correia dentada,magneti marelli,peugeot 208,2013,2583.05,33,Viana,9921608589104,40.89,66x76x34,cerâmica,18,"correia dentada da marca magneti marelli, compatível com peugeot 208, fabricado com cerâmica.",OE18218700,2024-08-03,japão
52,carro,jeep renegade,motor,bomba de oleo,monroe,jeep renegade,2011,281.2,7,Aragão,6999234669456,46.63,15x78x34,alumínio,12,"bomba de oleo da marca monroe, compatível com jeep renegade, fabricado com alumínio.",OE96030185,2022-11-17,eua
53,caminhao,iveco stralis,interior,painel central,mahle,iveco stralis,2024,274.42,75,Azevedo Cardoso Ltda.,726803225210,59.24,79x27x25,plástico,24,"painel central da marca mahle, compatível com iveco stralis, fabricado com ferro fundido.",OE17921836,2022-07-31,itália
54,caminhao,scania r440,freios,disco de freio,magneti marelli,scania r440,2021,2149.71,97,Cardoso,6310191234141,55.18,54x47x7,ferro fundido,18,"disco de freio da marca magneti marelli, compatível com scania r440, fabricado com ferro fundido.",OE44424467,2022-06-18,japão
55,carro,chevrolet onix,motor,vela de ignicao,valeo,chevrolet onix,2015,5157.09,20,Silva,7758031719493,2.22,29x52x16,plástico,24,"vela de ignicao da marca valeo, compatível com chevrolet onix, fabricado com plástico.",OE15046558,2024-10-13,china
57,carro,peugeot 208,ar-condicionado,condensador,cofap,peugeot 208,2018,2072.39,64,Silveira Alves - ME,9185502264561,39.88,46x43x25,vidro,24,"condensador da marca cofap, compatível com peugeot 208, fabricado com vidro.",OE68508996,2023-11-17,china
58,caminhao,man tgx 29.480,iluminacao,lanterna traseira,bosch,man tgx 29.480,2023,4327.5,11,Martins,3607244305877,60.15,71x30x5,plástico,24,"lanterna traseira da marca bosch, compatível com man tgx 29.480, fabricado com vidro.",OE78985055,2024-07-25,alemanha
59,carro,chevrolet onix,interior,acabamento de porta,magneti marelli,chevrolet onix,2013,1527.89,91,Jesus Nunes - EI,5091383102479,11.2,23x21x12,alumínio,24,"acabamento de porta da marca magneti marelli, compatível com chevrolet onix, fabricado com alumínio.",OE50755051,2022-08-15,china
60,caminhao,man tgx 29.480,freios,disco de freio,bosch,man tgx 29.480,2019,479.29,9,Porto,4345107299374,10.15,76x29x18,cerâmica,18,"disco de freio da marca bosch, compatível com man tgx 29.480, fabricado com cerâmica.",OE17878911,2022-06-04,japão
61,carro,toyota corolla,ar-condicionado,evaporador,trw,toyota corolla,2011,3521.98,98,Araújo Rodrigues - ME,75018417119,27.35,78x10x41,alumínio,36,"evaporador da marca trw, compatível com toyota corolla, fabricado com borracha.",OE47865767,2022-05-20,itália
62,carro,toyota corolla,eletrica,bateria 60ah,valeo,toyota corolla,2020,3420.15,72,Lima S/A,4083024244267,21.91,31x75x43,cerâmica,24,"bateria 60ah da marca valeo, compatível com toyota corolla, fabricado com cerâmica.",OE93188819,2024-09-29,itália
65,caminhao,ford cargo 2429,eletrica,bateria 60ah,trw,ford cargo 2429,2022,650.45,16,Cunha,998342891731,65.34,37x12x41,aço,36,"bateria 60ah da marca trw, compatível com ford cargo 2429, fabricado com aço.",OE26454856,2024-04-18,brasil
66,carro,fiat uno,iluminacao,lampada de farol,cofap,fiat uno,2012,2138.04,20,Pereira,7035519342900,59.22,57x73x38,vidro,12,"lampada de farol da marca cofap, compatível com fiat uno, fabricado com vidro.",OE41707956,2025-03-23,alemanha
67,carro,chevrolet onix,suspensao,bucha da bandeja,cofap,chevrolet onix,2019,2896.81,44,Freitas,6068174292441,57.24,78x43x49,plástico,18,"bucha da bandeja da marca cofap, compatível com chevrolet onix, fabricado com plástico.",OE30598503,2023-11-17,brasil
68,carro,honda civic,freios,disco de freio,bosch,honda civic,2022,1065.12,45,Correia,4941080826257,23.95,60x76x27,aço,12,"disco de freio da marca bosch, compatível com honda civic, fabricado com aço.",OE85970961,2023-07-31,china
69,caminhao,scania r440,iluminacao,lanterna traseira,bosch,scania r440,2018,5804.23,64,da Conceição Silva e Filhos,6525041451351,58.14,56x20x25,plástico,24,"lanterna traseira da marca bosch, compatível com scania r440, fabricado com vidro.",OE97617876,2023-01-30,itália
71,carro,renault sandero,freios,disco de freio,cofap,renault sandero,2019,3587.56,90,Porto,648350405597,73.51,79x52x16,aço,36,"disco de freio da marca cofap, compatível com renault sandero, fabricado com aço.",OE46272404,2024-02-10,brasil
72,carro,honda civic,iluminacao,lampada de farol,magneti marelli,honda civic,2018,1598.63,21,Araújo,196724240126,17.84,73x52x50,vidro,24,"lampada de farol da marca magneti marelli, compatível com honda civic, fabricado com alumínio.",OE64388316,2024-08-12,eua
73,carro,honda civic,interior,acabamento de porta,bosch,honda civic,2017,2576.69,90,Peixoto,7747688657180,14.77,45x30x18,plástico,18,"acabamento de porta da marca bosch, compatível com honda civic, fabricado com plástico.",OE95768362,2024-05-11,itália
74,caminhao,volkswagen constellation,freios,tambor de freio,cofap,volkswagen constellation,2019,1746.68,82,Freitas,8433847085169,53.65,54x51x13,borracha,18,"tambor de freio da marca cofap, compatível com volkswagen constellation, fabricado com borracha.",OE44907876,2025-03-25,china
75,carro,toyota corolla,suspensao,bieleta,valeo,toyota corolla,2010,4827.22,25,Dias - ME,819449522420,60.92,54x66x37,aço,12,"bieleta da marca valeo, compatível com toyota corolla, fabricado com aço.",OE94713013,2023-02-09,japão
76,carro,renault sandero,eletrica,bateria 60ah,luk,renault sandero,2022,4648.04,99,Sales,9407500968747,49.68,51x76x39,plástico,6,"bateria 60ah da marca luk, compatível com renault sandero, fabricado com plástico.",OE93514518,2023-11-09,china
77,carro,chevrolet onix,motor,vela de ignicao,luk,chevrolet onix,2021,1651.56,43,Silva,7544103455129,10.15,38x56x13,plástico,18,"vela de ignicao da marca luk, compatível com chevrolet onix, fabricado com plástico.",OE93870086,2024-03-08,méxico
78,carro,renault sandero,motor,correia dentada,monroe,renault sandero,2016,3563.94,53,da Mota S.A.,415001152816,71.67,59x44x20,vidro,18,"correia dentada da marca monroe, compatível com renault sandero, fabricado com vidro.",OE73455823,2023-10-29,méxico
81,carro,hyundai hb20,ar-condicionado,condensador,cofap,hyundai hb20,2021,2561.97,31,Teixeira,8266805218879,61.23,70x65x28,plástico,24,"condensador da marca cofap, compatível com hyundai hb20, fabricado com plástico.",OE75873651,2023-02-18,alemanha
82,caminhao,daf xf 105,freios,disco de freio,valeo,daf xf 105,2022,272.7,3,Moraes Vieira Ltda.,1903511854706,11.55,30x33x42,aço,36,"disco de freio da marca valeo, compatível com daf xf 105, fabricado com aço.",OE96052376,2023-11-14,brasil
84,carro,peugeot 208,interior,maçaneta interna,luk,peugeot 208,2010,855.54,3,Lima Vieira S/A,176483201583,16.23,40x28x24,alumínio,6,"maçaneta interna da marca luk, compatível com peugeot 208, fabricado com alumínio.",OE63791191,2024-09-04,eua
85,carro,peugeot 208,ar-condicionado,condensador,valeo,peugeot 208,2022,3368.53,41,da Mota e Filhos,8881189134012,52.04,56x49x21,cerâmica,24,"condensador da marca valeo, compatível com peugeot 208, fabricado com cerâmica.",OE34952693,2023-07-13,brasil
86,carro,hyundai hb20,interior,botão do painel,valeo,hyundai hb20,2020,3920.33,1,Aragão,9976231629505,28.7,17x47x39,plástico,6,"botão do painel da marca valeo, compatível com hyundai hb20, fabricado com alumínio.",OE19668403,2024-11-18,alemanha
89,carro,jeep renegade,freios,disco de freio,mahle,jeep renegade,2018,5862.45,8,da Mata da Rocha e Filhos,135949219524,69.33,80x19x9,cerâmica,6,"disco de freio da marca mahle, compatível com jeep renegade, fabricado com cerâmica.",OE78291583,2024-08-08,méxico
90,carro,hyundai hb20,interior,acabamento de porta,hella,hyundai hb20,2020,2560.09,61,Rocha - EI,5626708212580,74.54,54x21x7,alumínio,24,"acabamento de porta da marca hella, compatível com hyundai hb20, fabricado com alumínio.",OE46327345,2024-04-12,china
91,carro,honda civic,ar-condicionado,evaporador,cofap,honda civic,2012,3329.0,28,Barros Ltda.,1179971629110,4.84,12x21x19,alumínio,24,"evaporador da marca cofap, compatível com honda civic, fabricado com aço.",OE10598833,2024-06-08,alemanha
94,carro,renault sandero,interior,painel central,bosch,renault sandero,2019,1011.07,53,Almeida,1098259101387,29.17,59x38x17,plástico,24,"painel central da marca bosch, compatível com renault sandero, fabricado com vidro.",OE74755750,2022-09-27,china
95,caminhao,volkswagen constellation,eletrica,alternador,bosch,volkswagen constellation,2022,4096.26,42,Lopes Porto - ME,5625079882446,28.45,48x35x19,ferro fundido,6,"alternador da marca bosch, compatível com volkswagen constellation, fabricado com ferro fundido.",OE14647338,2022-10-07,eua
96,caminhao,volkswagen constellation,freios,tambor de freio,trw,volkswagen constellation,2017,1144.26,16,Jesus Ribeiro - EI,7670774178101,12.63,17x70x44,alumínio,18,"tambor de freio da marca trw, compatível com volkswagen constellation, fabricado com alumínio.",OE74358671,2024-11-16,eua
98,carro,jeep renegade,suspensao,amortecedor,mahle,jeep renegade,2013,1576.97,99,Gonçalves Lopes - ME,3120258841938,78.5,32x59x11,aço,36,"amortecedor da marca mahle, compatível com jeep renegade, fabricado com alumínio.",OE35964093,2025-02-11,china
100,carro,renault sandero,freios,pastilha de freio,mahle,renault sandero,2019,3160.24,72,Costela,6752302379714,6.38,28x78x50,cerâmica,24,"pastilha de freio da marca mahle, compatível com renault sandero, fabricado com aço.",OE52893541,2022-11-17,méxico
101,carro,fiat uno,motor,correia dentada,hella,fiat uno,2010,1079.89,67,Duarte Ltda.,2764252845489,45.33,21x16x12,cerâmica,24,"correia dentada da marca hella, compatível com fiat uno, fabricado com cerâmica.",OE78332852,2022-05-20,eua
102,caminhao,daf xf 105,suspensao,mola helicoidal,luk,daf xf 105,2019,4900.69,5,Costela,6255570620767,19.65,32x61x31,vidro,12,"mola helicoidal da marca luk, compatível com daf xf 105, fabricado com vidro.",OE58990165,2022-11-22,alemanha
103,caminhao,mercedes-benz actros,motor,bomba de oleo,trw,mercedes-benz actros,2024,2234.7,14,Aragão Cardoso - EI,6749075919391,72.69,29x44x16,alumínio,6,"bomba de oleo da marca trw, compatível com mercedes-benz actros, fabricado com vidro.",OE30447452,2023-10-25,itália
104,caminhao,mercedes-benz actros,ar-condicionado,condensador,valeo,mercedes-benz actros,2023,4486.91,16,Novaes,5381264590687,66.45,55x48x46,cerâmica,36,"condensador da marca valeo, compatível com mercedes-benz actros, fabricado com cerâmica.",OE50873833,2022-04-09,eua
105,caminhao,man tgx 29.480,suspensao,amortecedor,magneti marelli,man tgx 29.480,2023,2197.01,7,Martins Barros S.A.,9262902567192,52.6,41x18x34,aço,24,"amortecedor da marca magneti marelli, compatível com man tgx 29.480, fabricado com aço.",OE67960849,2022-10-02,japão
106,carro,chevrolet onix,motor,filtro de oleo,monroe,chevrolet onix,2020,5051.45,17,Carvalho,378688259783,27.98,59x14x42,papel,18,"filtro de oleo da marca monroe, compatível com chevrolet onix, fabricado com alumínio.",OE55143134,2022-07-12,china
107,carro,fiat uno,ar-condicionado,condensador,hella,fiat uno,2018,4112.34,61,Pinto,7426536373761,44.29,20x29x25,alumínio,12,"condensador da marca hella, compatível com fiat uno, fabricado com alumínio.",OE75262021,2024-06-05,alemanha
108,carro,fiat uno,interior,painel central,cofap,fiat uno,2012,2410.22,44,Duarte Moura e Filhos,2730227071559,68.36,49x63x37,plástico,6,"painel central da marca cofap, compatível com fiat uno, fabricado com aço.",OE31858664,2022-07-22,china
109,caminhao,scania r440,eletrica,bateria 60ah,luk,scania r440,2017,2239.99,52,Nunes,650733124728,56.26,47x28x17,ferro fundido,12,"bateria 60ah da marca luk, compatível com scania r440, fabricado com ferro fundido.",OE83241402,2022-10-26,eua
110,carro,chevrolet onix,eletrica,alternador,valeo,chevrolet onix,2011,1911.5,91,Gomes,9357779002546,29.52,63x79x29,cerâmica,6,"alternador da marca valeo, compatível com chevrolet onix, fabricado com cerâmica.",OE20336009,2023-12-23,méxico
111,carro,toyota corolla,motor,bomba de oleo,luk,toyota corolla,2022,1319.4,38,Farias da Costa - EI,5783190148404,14.31,45x25x22,alumínio,24,"bomba de oleo da marca luk, compatível com toyota corolla, fabricado com vidro.",OE65164561,2022-10-26,alemanha
113,carro,renault sandero,interior,acabamento de porta,luk,renault sandero,2019,4917.21,52,da Mata e Filhos,5628292130981,41.72,29x56x31,ferro fundido,36,"acabamento de porta da marca luk, compatível com renault sandero, fabricado com ferro fundido.",OE68611159,2025-02-16,méxico
114,carro,nissan versa,iluminacao,lanterna traseira,mahle,nissan versa,2017,1358.86,65,Cavalcanti Porto Ltda.,9698192825863,73.17,31x66x8,plástico,24,"lanterna traseira da marca mahle, compatível com nissan versa, fabricado com cerâmica.",OE83245108,2025-03-21,china
116,carro,nissan versa,eletrica,motor de partida,bosch,nissan versa,2014,2995.44,34,Moraes - ME,5235802354951,11.89,73x29x15,aço,18,"motor de partida da marca bosch, compatível com nissan versa, fabricado com plástico.",OE60123632,2024-06-01,itália
117,carro,chevrolet onix,ar-condicionado,filtro de cabine,bosch,chevrolet onix,2018,828.15,32,Correia Rodrigues S/A,3124340983759,51.75,10x80x30,plástico,18,"filtro de cabine da marca bosch, compatível com chevrolet onix, fabricado com plástico.",OE18663488,2022-08-24,eua
119,caminhao,volvo fh 540,suspensao,mola helicoidal,monroe,volvo fh 540,2018,323.3,13,Farias,9958802878390,9.15,48x38x7,plástico,12,"mola helicoidal da marca monroe, compatível com volvo fh 540, fabricado com plástico.",OE54241314,2024-12-22,alemanha
120,carro,toyota corolla,motor,bomba de oleo,magneti marelli,toyota corolla,2020,5250.1,39,Rocha Ltda.,6465587173068,60.72,16x11x22,alumínio,24,"bomba de oleo da marca magneti marelli, compatível com toyota corolla, fabricado com ferro fundido.",OE53289818,2023-08-04,china
121,caminhao,iveco stralis,eletrica,bateria 60ah,mahle,iveco stralis,2020,2362.51,26,Duarte Ltda.,6078046087372,28.62,53x63x35,borracha,18,"bateria 60ah da marca mahle, compatível com iveco stralis, fabricado com borracha.",OE65361981,2022-08-31,china
122,caminhao,mercedes-benz actros,freios,disco de freio,trw,mercedes-benz actros,2021,1083.57,77,Barbosa Duarte - EI,8114939314472,50.99,16x32x16,vidro,6,"disco de freio da marca trw, compatível com mercedes-benz actros, fabricado com vidro.",OE38303450,2023-10-23,eua
123,caminhao,mercedes-benz actros,ar-condicionado,compressor de ar,hella,mercedes-benz actros,2021,771.41,55,das Neves,4543082968517,79.69,48x43x33,alumínio,6,"compressor de ar da marca hella, compatível com mercedes-benz actros, fabricado com aço.",OE48331810,2022-11-15,itália
125,carro,peugeot 208,interior,acabamento de porta,cofap,peugeot 208,2012,2424.41,51,Caldeira Ribeiro - ME,2215256830075,45.45,24x28x11,cerâmica,24,"acabamento de porta da marca cofap, compatível com peugeot 208, fabricado com cerâmica.",OE30032447,2025-03-01,alemanha
126,caminhao,iveco stralis,iluminacao,lanterna traseira,magneti marelli,iveco stralis,2024,3400.2,74,Oliveira S/A,9530123972508,44.12,33x12x33,plástico,24,"lanterna traseira da marca magneti marelli, compatível com iveco stralis, fabricado com aço.",OE47752581,2022-09-26,eua
127,carro,renault sandero,interior,botão do painel,trw,renault sandero,2014,3132.36,78,da Mata,2895377044614,17.32,68x69x7,plástico,36,"botão do painel da marca trw, compatível com renault sandero, fabricado com cerâmica.",OE32022476,2024-12-02,china
128,carro,toyota corolla,ar-condicionado,compressor de ar,cofap,toyota corolla,2024,4066.54,51,Souza,4390518664099,4.1,43x35x36,alumínio,6,"compressor de ar da marca cofap, compatível com toyota corolla, fabricado com borracha.",OE70805496,2023-08-13,méxico
129,caminhao,scania r440,suspensao,amortecedor,luk,scania r440,2017,1459.12,62,Araújo Alves Ltda.,8428488509792,78.29,54x10x17,aço,6,"amortecedor da marca luk, compatível com scania r440, fabricado com aço.",OE18818868,2024-02-29,china
130,carro,nissan versa,motor,correia dentada,monroe,nissan versa,2023,4562.71,57,Peixoto,2193324409432,10.18,54x70x26,cerâmica,36,"correia dentada da marca monroe, compatível com nissan versa, fabricado com cerâmica.",OE93484040,2023-07-14,brasil
131,carro,renault sandero,iluminacao,lampada de farol,hella,renault sandero,2013,3919.63,84,Costa Pires S.A.,6923244266299,12.27,39x80x21,vidro,6,"lampada de farol da marca hella, compatível com renault sandero, fabricado com ferro fundido.",OE24185890,2023-07-17,brasil
132,caminhao,daf xf 105,interior,painel central,bosch,daf xf 105,2019,1480.36,56,Carvalho Costela - EI,4116033521583,74.52,75x33x40,plástico,36,"painel central da marca bosch, compatível com daf xf 105, fabricado com vidro.",OE75576353,2022-10-28,japão
137,caminhao,volvo fh 540,freios,disco de freio,mahle,volvo fh 540,2021,5412.55,17,Souza,7887419465674,0.83,44x80x12,aço,18,"disco de freio da marca mahle, compatível com volvo fh 540, fabricado com aço.",OE44697406,2023-05-21,itália
138,carro,hyundai hb20,iluminacao,lampada de farol,magneti marelli,hyundai hb20,2014,3982.0,90,Fogaça - EI,1286900227184,40.98,57x47x21,vidro,12,"lampada de farol da marca magneti marelli, compatível com hyundai hb20, fabricado com alumínio.",OE42979777,2023-02-14,méxico
140,carro,nissan versa,freios,cilindro mestre,magneti marelli,nissan versa,2012,2259.04,5,Gomes,354820060363,58.31,71x19x29,borracha,36,"cilindro mestre da marca magneti marelli, compatível com nissan versa, fabricado com borracha.",OE23050901,2024-09-17,alemanha
142,carro,honda civic,motor,filtro de oleo,valeo,honda civic,2020,2168.4,89,Rocha,1040174557817,66.42,54x32x45,papel,12,"filtro de oleo da marca valeo, compatível com honda civic, fabricado com aço.",OE44829448,2023-08-12,méxico
144,carro,honda civic,suspensao,bieleta,bosch,honda civic,2022,4768.34,31,Jesus,4118703834863,36.51,50x12x6,cerâmica,12,"bieleta da marca bosch, compatível com honda civic, fabricado com cerâmica.",OE55990662,2025-03-15,méxico
145,carro,hyundai hb20,freios,cilindro mestre,valeo,hyundai hb20,2023,311.22,11,Martins Rocha S/A,3982034980558,47.57,78x20x27,aço,24,"cilindro mestre da marca valeo, compatível com hyundai hb20, fabricado com aço.",OE51519553,2023-10-14,brasil
146,carro,nissan versa,iluminacao,lanterna traseira,magneti marelli,nissan versa,2024,319.31,39,Pinto,5294736512271,69.58,78x76x40,plástico,18,"lanterna traseira da marca magneti marelli, compatível com nissan versa, fabricado com borracha.",OE92485086,2022-07-11,alemanha
147,caminhao,ford cargo 2429,iluminacao,farol dianteiro,mahle,ford cargo 2429,2020,2631.29,71,Silveira Silveira - EI,6130103065218,6.44,11x21x17,vidro,36,"farol dianteiro da marca mahle, compatível com ford cargo 2429, fabricado com cerâmica.",OE49771619,2024-02-20,itália
148,carro,peugeot 208,iluminacao,lanterna traseira,valeo,peugeot 208,2017,4449.17,77,Barbosa,2972562179303,51.72,23x55x27,plástico,18,"lanterna traseira da marca valeo, compatível com peugeot 208, fabricado com ferro fundido.",OE87845222,2023-10-07,itália
149,carro,fiat uno,eletrica,relé,trw,fiat uno,2013,1357.32,20,da Paz,4369603773848,29.46,62x79x21,plástico,18,"relé da marca trw, compatível com fiat uno, fabricado com vidro.",OE57232665,2023-12-28,méxico
150,carro,nissan versa,suspensao,bieleta,mahle,nissan versa,2018,2686.69,75,Pereira Costela S/A,9754686938508,52.88,63x47x28,ferro fundido,36,"bieleta da marca mahle, compatível com nissan versa, fabricado com ferro fundido.",OE77206373,2022-12-30,eua
153,carro,renault sandero,freios,cilindro mestre,cofap,renault sandero,2022,5194.88,5,Cardoso,1019460131475,6.78,60x69x18,borracha,18,"cilindro mestre da marca cofap, compatível com renault sandero, fabricado com borracha.",OE90198493,2025-02-19,brasil
154,carro,hyundai hb20,motor,bomba de oleo,cofap,hyundai hb20,2014,4057.73,19,Duarte,322046828104,5.89,12x20x46,alumínio,18,"bomba de oleo da marca cofap, compatível com hyundai hb20, fabricado com aço.",OE53350930,2023-11-04,japão
155,carro,hyundai hb20,ar-condicionado,condensador,bosch,hyundai hb20,2014,1965.31,87,Correia,3086860422913,68.69,62x65x18,borracha,6,"condensador da marca bosch, compatível com hyundai hb20, fabricado com borracha.",OE37147265,2023-09-11,brasil
156,carro,renault sandero,motor,bomba de oleo,magneti marelli,renault sandero,2019,5634.0,37,Rocha,5496733291153,4.35,54x69x5,alumínio,6,"bomba de oleo da marca magneti marelli, compatível com renault sandero, fabricado com vidro.",OE63364745,2025-03-14,itália
157,carro,peugeot 208,eletrica,bateria 60ah,cofap,peugeot 208,2020,5402.63,37,da Paz,4531584311238,40.03,69x37x13,borracha,12,"bateria 60ah da marca cofap, compatível com peugeot 208, fabricado com borracha.",OE86441541,2023-08-31,brasil
158,carro,jeep renegade,freios,pastilha de freio,cofap,jeep renegade,2014,1472.66,1,Novaes,6638656454768,19.96,12x49x34,cerâmica,24,"pastilha de freio da marca cofap, compatível com jeep renegade, fabricado com ferro fundido.",OE26656650,2023-12-25,itália
159,caminhao,man tgx 29.480,iluminacao,farol dianteiro,luk,man tgx 29.480,2017,2446.07,23,Campos,7533029655348,26.74,30x35x10,vidro,12,"farol dianteiro da marca luk, compatível com man tgx 29.480, fabricado com plástico.",OE85500376,2022-06-03,china
161,carro,toyota corolla,ar-condicionado,filtro de cabine,bosch,toyota corolla,2021,4790.81,73,Cavalcanti,1085210981263,48.64,67x11x20,plástico,36,"filtro de cabine da marca bosch, compatível com toyota corolla, fabricado com plástico.",OE30488573,2024-03-15,china
162,carro,hyundai hb20,suspensao,bieleta,magneti marelli,hyundai hb20,2024,2736.48,96,Ribeiro,9891623839266,32.51,53x58x31,alumínio,6,"bieleta da marca magneti marelli, compatível com hyundai hb20, fabricado com alumínio.",OE59305315,2024-09-21,alemanha
163,carro,nissan versa,motor,vela de ignicao,valeo,nissan versa,2021,5192.12,29,Jesus Martins - ME,6056124246170,47.97,26x55x6,borracha,18,"vela de ignicao da marca valeo, compatível com nissan versa, fabricado com borracha.",OE43282389,2024-12-22,japão
165,carro,nissan versa,ar-condicionado,compressor de ar,monroe,nissan versa,2019,2490.24,66,Farias - ME,4501942891603,54.22,45x18x40,alumínio,12,"compressor de ar da marca monroe, compatível com nissan versa, fabricado com ferro fundido.",OE52532028,2022-06-25,méxico
166,caminhao,volkswagen constellation,ar-condicionado,compressor de ar,valeo,volkswagen constellation,2015,1396.07,18,da Cruz Ferreira S.A.,6632677453397,54.81,61x29x46,alumínio,6,"compressor de ar da marca valeo, compatível com volkswagen constellation, fabricado com ferro fundido.",OE51836382,2023-06-20,japão
167,caminhao,iveco stralis,suspensao,amortecedor,valeo,iveco stralis,2021,5492.26,99,Lopes - EI,7218215786296,37.09,72x79x24,aço,36,"amortecedor da marca valeo, compatível com iveco stralis, fabricado com vidro.",OE73546591,2023-02-16,china
168,caminhao,iveco stralis,ar-condicionado,condensador,trw,iveco stralis,2017,4509.06,27,Pereira,4999551344687,4.81,74x70x46,cerâmica,24,"condensador da marca trw, compatível com iveco stralis, fabricado com cerâmica.",OE79621516,2023-08-27,méxico
169,caminhao,scania r440,ar-condicionado,condensador,trw,scania r440,2022,5575.72,91,Pires,5480965529290,38.99,20x46x26,vidro,24,"condensador da marca trw, compatível com scania r440, fabricado com vidro.",OE44822647,2023-12-06,china
170,carro,chevrolet onix,ar-condicionado,evaporador,mahle,chevrolet onix,2023,431.44,79,Silva da Mata e Filhos,4665807150622,50.69,25x52x17,alumínio,18,"evaporador da marca mahle, compatível com chevrolet onix, fabricado com borracha.",OE80991697,2023-10-12,méxico
173,caminhao,volvo fh 540,ar-condicionado,condensador,bosch,volvo fh 540,2022,4632.06,8,Peixoto Alves e Filhos,9176504738433,57.85,39x45x40,ferro fundido,6,"condensador da marca bosch, compatível com volvo fh 540, fabricado com ferro fundido.",OE57626123,2025-03-11,méxico
174,caminhao,daf xf 105,interior,painel central,mahle,daf xf 105,2020,226.22,16,Monteiro Ltda.,4866413437453,6.52,48x56x28,plástico,18,"painel central da marca mahle, compatível com daf xf 105, fabricado com alumínio.",OE72664401,2024-01-25,japão
175,carro,renault sandero,eletrica,bateria 60ah,magneti marelli,renault sandero,2023,1086.49,65,Vieira S.A.,3911401200760,48.04,34x65x34,plástico,36,"bateria 60ah da marca magneti marelli, compatível com renault sandero, fabricado com plástico.",OE84120048,2023-08-25,itália
176,carro,peugeot 208,iluminacao,lanterna traseira,bosch,peugeot 208,2010,4589.21,31,Correia - EI,1945080440171,17.66,10x37x45,plástico,6,"lanterna traseira da marca bosch, compatível com peugeot 208, fabricado com plástico.",OE90361770,2023-04-03,brasil
177,carro,fiat uno,interior,painel central,luk,fiat uno,2014,4826.47,54,Nascimento Costela S.A.,8233943506656,10.15,62x25x45,plástico,12,"painel central da marca luk, compatível com fiat uno, fabricado com aço.",OE75612029,2024-08-14,alemanha
178,carro,renault sandero,interior,maçaneta interna,trw,renault sandero,2021,4061.55,29,Azevedo da Paz S/A,6384635370528,37.89,61x69x22,borracha,18,"maçaneta interna da marca trw, compatível com renault sandero, fabricado com borracha.",OE90882696,2024-10-28,méxico
179,carro,chevrolet onix,motor,correia dentada,hella,chevrolet onix,2024,253.23,33,Nascimento S.A.,8187054016170,13.13,58x79x13,plástico,18,"correia dentada da marca hella, compatível com chevrolet onix, fabricado com plástico.",OE98229073,2023-08-04,eua
180,carro,honda civic,ar-condicionado,condensador,bosch,honda civic,2019,1373.33,35,Correia,9357347817923,18.71,49x66x41,ferro fundido,6,"condensador da marca bosch, compatível com honda civic, fabricado com ferro fundido.",OE36036778,2023-09-19,eua
182,carro,vw gol,ar-condicionado,filtro de cabine,magneti marelli,vw gol,2015,5028.5,9,Araújo,3464169451443,8.57,13x29x25,alumínio,36,"filtro de cabine da marca magneti marelli, compatível com vw gol, fabricado com alumínio.",OE84048126,2023-07-14,méxico
183,carro,hyundai hb20,suspensao,mola helicoidal,mahle,hyundai hb20,2016,5552.91,2,Dias,1661045100866,35.72,50x74x45,vidro,6,"mola helicoidal da marca mahle, compatível com hyundai hb20, fabricado com vidro.",OE42066004,2022-10-13,méxico
185,carro,renault sandero,interior,botão do painel,valeo,renault sandero,2014,3186.5,32,Nogueira,2061229798282,68.22,73x24x50,plástico,12,"botão do painel da marca valeo, compatível com renault sandero, fabricado com aço.",OE60483155,2023-04-29,japão
186,carro,peugeot 208,suspensao,bucha da bandeja,mahle,peugeot 208,2013,1871.19,79,Ribeiro Alves Ltda.,2708604357015,32.04,25x66x35,cerâmica,24,"bucha da bandeja da marca mahle, compatível com peugeot 208, fabricado com cerâmica.",OE49036357,2023-04-21,itália
187,carro,chevrolet onix,interior,acabamento de porta,cofap,chevrolet onix,2020,2281.45,40,Alves e Filhos,7224862586578,58.3,75x77x15,borracha,18,"acabamento de porta da marca cofap, compatível com chevrolet onix, fabricado com borracha.",OE88459734,2024-07-04,méxico
189,carro,renault sandero,iluminacao,farol dianteiro,trw,renault sandero,2022,1743.23,91,Ramos da Mata - EI,7662133252140,22.51,43x64x16,vidro,24,"farol dianteiro da marca trw, compatível com renault sandero, fabricado com aço.",OE90235074,2023-08-16,méxico
190,caminhao,daf xf 105,motor,filtro de oleo,valeo,daf xf 105,2020,132.41,69,da Costa Novaes Ltda.,3005435439729,69.17,19x51x48,papel,24,"filtro de oleo da marca valeo, compatível com daf xf 105, fabricado com plástico.",OE12265189,2023-07-03,brasil
191,caminhao,mercedes-benz actros,iluminacao,lanterna traseira,valeo,mercedes-benz actros,2022,2445.53,29,Duarte S.A.,731497928293,18.67,11x62x13,plástico,18,"lanterna traseira da marca valeo, compatível com mercedes-benz actros, fabricado com vidro.",OE15885759,2023-10-03,japão
192,caminhao,volkswagen constellation,suspensao,amortecedor,luk,volkswagen constellation,2020,3986.47,62,Alves,5627740188956,40.36,74x32x50,aço,12,"amortecedor da marca luk, compatível com volkswagen constellation, fabricado com ferro fundido.",OE24926076,2023-11-23,japão
193,carro,jeep renegade,iluminacao,farol dianteiro,cofap,jeep renegade,2016,2211.56,41,Farias Nunes Ltda.,3244524289917,62.81,68x42x34,vidro,18,"farol dianteiro da marca cofap, compatível com jeep renegade, fabricado com borracha.",OE45589392,2023-01-03,china
194,carro,chevrolet onix,ar-condicionado,filtro de cabine,trw,chevrolet onix,2017,4727.65,54,da Luz Ltda.,1661862462598,38.73,77x78x50,aço,24,"filtro de cabine da marca trw, compatível com chevrolet onix, fabricado com aço.",OE82529733,2023-03-23,japão
196,caminhao,volvo fh 540,iluminacao,farol dianteiro,cofap,volvo fh 540,2021,2700.39,61,da Rosa - ME,5267349082646,27.01,23x70x49,vidro,36,"farol dianteiro da marca cofap, compatível com volvo fh 540, fabricado com plástico.",OE78090709,2024-04-27,brasil
197,carro,jeep renegade,ar-condicionado,condensador,hella,jeep renegade,2018,1881.51,79,da Mata,8647806835621,30.21,18x52x7,cerâmica,12,"condensador da marca hella, compatível com jeep renegade, fabricado com cerâmica.",OE91226938,2023-12-12,brasil
198,carro,hyundai hb20,freios,cilindro mestre,cofap,hyundai hb20,2013,2145.83,83,Teixeira S/A,4001449013039,73.16,58x80x21,alumínio,6,"cilindro mestre da marca cofap, compatível com hyundai hb20, fabricado com alumínio.",OE24136720,2022-07-01,alemanha
199,caminhao,daf xf 105,eletrica,alternador,bosch,daf xf 105,2019,5438.01,4,Barbosa,1807122555055,51.58,56x14x40,ferro fundido,12,"alternador da marca bosch, compatível com daf xf 105, fabricado com ferro fundido.",OE39023140,2023-04-24,itália
200,carro,peugeot 208,motor,bomba de oleo,trw,peugeot 208,2022,189.33,85,da Mota Fogaça S.A.,258981254671,6.97,21x12x48,alumínio,12,"bomba de oleo da marca trw, compatível com peugeot 208, fabricado com ferro fundido.",OE89764186,2024-03-01,méxico
201,carro,jeep renegade,iluminacao,lanterna traseira,cofap,jeep renegade,2022,5528.29,15,Cavalcanti da Mota S/A,5262863722313,40.61,67x38x32,plástico,18,"lanterna traseira da marca cofap, compatível com jeep renegade, fabricado com cerâmica.",OE65150925,2022-09-06,itália
202,caminhao,man tgx 29.480,interior,painel central,trw,man tgx 29.480,2022,5018.84,50,Mendes,7810466726023,68.62,21x66x29,plástico,24,"painel central da marca trw, compatível com man tgx 29.480, fabricado com alumínio.",OE81600523,2024-10-30,alemanha
203,carro,honda civic,freios,pastilha de freio,hella,honda civic,2017,4005.64,92,Nunes,1068004045044,66.09,29x75x14,cerâmica,24,"pastilha de freio da marca hella, compatível com honda civic, fabricado com borracha.",OE29888099,2024-07-12,alemanha
204,carro,honda civic,suspensao,amortecedor,trw,honda civic,2018,1078.94,93,Pires,6993409979012,0.36,79x41x7,aço,6,"amortecedor da marca trw, compatível com honda civic, fabricado com ferro fundido.",OE80815580,2024-08-02,china
205,carro,hyundai hb20,motor,filtro de oleo,bosch,hyundai hb20,2011,5794.67,72,Pires,3909713089258,24.11,43x36x33,papel,36,"filtro de oleo da marca bosch, compatível com hyundai hb20, fabricado com borracha.",OE51565342,2022-07-11,japão
206,carro,toyota corolla,eletrica,alternador,hella,toyota corolla,2014,2849.96,22,Souza,2216989311503,0.26,76x57x40,aço,36,"alternador da marca hella, compatível com toyota corolla, fabricado com aço.",OE41949815,2022-04-21,itália
208,carro,honda civic,motor,bomba de oleo,magneti marelli,honda civic,2020,855.69,86,Lopes,2481671155660,0.24,14x46x26,alumínio,24,"bomba de oleo da marca magneti marelli, compatível com honda civic, fabricado com borracha.",OE34748524,2023-11-15,alemanha
209,carro,nissan versa,motor,correia dentada,valeo,nissan versa,2016,2772.3,45,Castro,7328688346153,65.84,58x54x16,aço,36,"correia dentada da marca valeo, compatível com nissan versa, fabricado com aço.",OE61595435,2023-02-18,japão
210,caminhao,iveco stralis,freios,tambor de freio,magneti marelli,iveco stralis,2015,4429.3,64,da Rocha - EI,826399638866,4.88,27x35x14,vidro,24,"tambor de freio da marca magneti marelli, compatível com iveco stralis, fabricado com vidro.",OE47187567,2022-12-25,japão
213,caminhao,iveco stralis,eletrica,alternador,hella,iveco stralis,2017,2069.82,38,Aragão da Cruz S.A.,4458160333548,24.18,25x68x24,cerâmica,6,"alternador da marca hella, compatível com iveco stralis, fabricado com cerâmica.",OE20904019,2024-10-16,japão
216,carro,chevrolet onix,iluminacao,farol dianteiro,luk,chevrolet onix,2015,1746.97,33,Dias - ME,4442310801476,74.47,64x28x6,vidro,6,"farol dianteiro da marca luk, compatível com chevrolet onix, fabricado com borracha.",OE64957850,2024-02-04,itália
217,caminhao,mercedes-benz actros,interior,painel central,trw,mercedes-benz actros,2019,1135.74,49,da Rocha,369574980850,67.07,16x16x46,plástico,6,"painel central da marca trw, compatível com mercedes-benz actros, fabricado com aço.",OE71099399,2024-01-13,eua
219,carro,vw gol,iluminacao,farol dianteiro,monroe,vw gol,2020,2110.7,72,Nascimento Silveira - ME,2262576992600,1.62,26x27x48,vidro,12,"farol dianteiro da marca monroe, compatível com vw gol, fabricado com ferro fundido.",OE58213954,2024-08-27,méxico
221,carro,peugeot 208,suspensao,bucha da bandeja,magneti marelli,peugeot 208,2012,418.0,35,Fogaça Costa S/A,4745720868702,60.22,11x75x5,aço,24,"bucha da bandeja da marca magneti marelli, compatível com peugeot 208, fabricado com aço.",OE18918854,2023-05-25,china
223,caminhao,volvo fh 540,ar-condicionado,compressor de ar,bosch,volvo fh 540,2018,1678.64,81,Rodrigues,9172030602767,32.86,69x71x14,alumínio,36,"compressor de ar da marca bosch, compatível com volvo fh 540, fabricado com cerâmica.",OE59718737,2024-08-15,méxico
224,caminhao,man tgx 29.480,interior,painel central,cofap,man tgx 29.480,2023,791.34,12,Rezende,625845116817,74.97,34x15x6,plástico,6,"painel central da marca cofap, compatível com man tgx 29.480, fabricado com alumínio.",OE83085333,2022-08-13,japão
228,carro,vw gol,ar-condicionado,filtro de cabine,valeo,vw gol,2011,4117.23,92,Pinto,2620037798145,62.76,19x48x27,cerâmica,18,"filtro de cabine da marca valeo, compatível com vw gol, fabricado com cerâmica.",OE86682067,2024-10-26,eua
229,caminhao,mercedes-benz actros,ar-condicionado,condensador,bosch,mercedes-benz actros,2015,4304.92,0,Lopes S.A.,3474674420940,29.73,77x48x39,cerâmica,18,"condensador da marca bosch, compatível com mercedes-benz actros, fabricado com cerâmica.",OE37917598,2023-05-27,japão
232,carro,chevrolet onix,eletrica,bateria 60ah,luk,chevrolet onix,2021,992.67,88,da Mota Monteiro S.A.,4297656413971,24.58,54x56x36,borracha,18,"bateria 60ah da marca luk, compatível com chevrolet onix, fabricado com borracha.",OE19487210,2022-12-17,méxico
233,carro,renault sandero,iluminacao,lampada de farol,mahle,renault sandero,2010,2788.25,95,da Cunha,6932745430818,37.13,10x15x34,vidro,18,"lampada de farol da marca mahle, compatível com renault sandero, fabricado com alumínio.",OE22087267,2024-10-05,china
234,caminhao,mercedes-benz actros,iluminacao,farol dianteiro,magneti marelli,mercedes-benz actros,2023,5106.19,50,Moreira,3344693469667,17.69,80x31x6,vidro,6,"farol dianteiro da marca magneti marelli, compatível com mercedes-benz actros, fabricado com cerâmica.",OE26366836,2025-03-11,alemanha
235,carro,jeep renegade,ar-condicionado,evaporador,luk,jeep renegade,2019,4440.66,20,Gonçalves Ferreira S.A.,7022521275296,5.85,47x13x21,alumínio,12,"evaporador da marca luk, compatível com jeep renegade, fabricado com alumínio.",OE55359353,2024-05-12,itália
237,carro,fiat uno,interior,botão do painel,trw,fiat uno,2022,4766.54,65,Dias,8426257948100,33.74,46x39x8,plástico,36,"botão do painel da marca trw, compatível com fiat uno, fabricado com ferro fundido.",OE81841138,2022-08-14,brasil
239,carro,hyundai hb20,iluminacao,lanterna traseira,monroe,hyundai hb20,2024,5299.69,92,Martins da Cunha - ME,4742292837952,24.04,26x31x32,plástico,24,"lanterna traseira da marca monroe, compatível com hyundai hb20, fabricado com ferro fundido.",OE91401945,2024-10-15,alemanha
240,carro,nissan versa,interior,maçaneta interna,hella,nissan versa,2024,1502.48,92,Jesus,8957300157892,18.87,57x31x25,ferro fundido,36,"maçaneta interna da marca hella, compatível com nissan versa, fabricado com ferro fundido.",OE61203528,2022-07-29,eua
241,carro,renault sandero,suspensao,bieleta,monroe,renault sandero,2018,1386.13,66,Souza,8695086397414,26.64,50x57x29,ferro fundido,36,"bieleta da marca monroe, compatível com renault sandero, fabricado com ferro fundido.",OE47776371,2023-04-13,japão
242,caminhao,scania r440,suspensao,amortecedor,luk,scania r440,2022,2306.56,86,Teixeira e Filhos,1788899631725,53.72,34x50x30,aço,12,"amortecedor da marca luk, compatível com scania r440, fabricado com aço.",OE71774954,2023-11-04,brasil
243,carro,honda civic,interior,acabamento de porta,cofap,honda civic,2024,5460.97,70,da Mata Costa Ltda.,3628494919447,32.74,14x55x13,vidro,36,"acabamento de porta da marca cofap, compatível com honda civic, fabricado com vidro.",OE76707812,2023-12-04,itália
244,carro,jeep renegade,eletrica,relé,hella,jeep renegade,2015,2639.84,47,Melo Nogueira e Filhos,6411568379431,11.52,75x67x6,plástico,12,"relé da marca hella, compatível com jeep renegade, fabricado com vidro.",OE60177409,2025-03-25,brasil
246,carro,jeep renegade,freios,tambor de freio,hella,jeep renegade,2016,533.33,25,Barbosa,3363266737057,46.96,62x55x34,ferro fundido,24,"tambor de freio da marca hella, compatível com jeep renegade, fabricado com ferro fundido.",OE10107741,2022-09-25,itália
247,carro,fiat uno,ar-condicionado,evaporador,cofap,fiat uno,2014,4912.09,80,Castro,2560001962090,60.61,37x16x28,alumínio,18,"evaporador da marca cofap, compatível com fiat uno, fabricado com aço.",OE98613620,2023-04-22,eua
252,carro,honda civic,suspensao,bieleta,magneti marelli,honda civic,2021,618.65,11,Gomes da Mata e Filhos,1434725171667,77.17,61x40x27,vidro,18,"bieleta da marca magneti marelli, compatível com honda civic, fabricado com vidro.",OE15125871,2023-06-24,itália
254,caminhao,ford cargo 2429,interior,painel central,magneti marelli,ford cargo 2429,2024,2099.16,2,Barbosa S/A,6377258752352,36.26,37x12x44,plástico,6,"painel central da marca magneti marelli, compatível com ford cargo 2429, fabricado com aço.",OE76955000,2023-01-08,eua
255,carro,fiat uno,motor,bomba de oleo,bosch,fiat uno,2021,2351.88,69,Pinto Santos Ltda.,9000547396421,79.88,43x74x20,alumínio,12,"bomba de oleo da marca bosch, compatível com fiat uno, fabricado com alumínio.",OE75702397,2024-10-24,japão
256,carro,toyota corolla,suspensao,bucha da bandeja,valeo,toyota corolla,2015,3471.47,96,Ribeiro,7510562696366,64.58,15x36x5,plástico,36,"bucha da bandeja da marca valeo, compatível com toyota corolla, fabricado com plástico.",OE40751785,2024-12-16,japão
257,carro,fiat uno,iluminacao,lampada de farol,hella,fiat uno,2013,4003.45,92,Peixoto,8499222986810,3.39,49x20x7,vidro,36,"lampada de farol da marca hella, compatível com fiat uno, fabricado com ferro fundido.",OE11605035,2025-03-28,japão
259,carro,toyota corolla,iluminacao,farol dianteiro,monroe,toyota corolla,2015,3141.65,76,Cardoso - ME,7528559548420,70.04,47x22x16,vidro,18,"farol dianteiro da marca monroe, compatível com toyota corolla, fabricado com alumínio.",OE17165936,2023-03-28,china
261,caminhao,mercedes-benz actros,ar-condicionado,compressor de ar,cofap,mercedes-benz actros,2019,4532.37,22,Alves,3241578694957,28.41,57x29x33,alumínio,36,"compressor de ar da marca cofap, compatível com mercedes-benz actros, fabricado com cerâmica.",OE13478837,2025-02-24,brasil
264,carro,jeep renegade,iluminacao,farol dianteiro,trw,jeep renegade,2016,150.05,70,Correia Ramos Ltda.,4352221147016,69.18,73x24x9,vidro,12,"farol dianteiro da marca trw, compatível com jeep renegade, fabricado com ferro fundido.",OE57288112,2024-06-03,japão
265,caminhao,volkswagen constellation,iluminacao,lanterna traseira,luk,volkswagen constellation,2020,5629.51,34,Gonçalves,3831870307541,23.95,17x80x7,plástico,18,"lanterna traseira da marca luk, compatível com volkswagen constellation, fabricado com ferro fundido.",OE39331687,2022-07-30,méxico
266,caminhao,man tgx 29.480,motor,bomba de oleo,luk,man tgx 29.480,2021,1243.32,61,da Costa,795213158685,74.02,70x68x34,alumínio,36,"bomba de oleo da marca luk, compatível com man tgx 29.480, fabricado com aço.",OE99860266,2024-11-10,eua
267,carro,nissan versa,motor,vela de ignicao,valeo,nissan versa,2010,5184.4,14,Duarte,7647045193798,67.7,73x49x23,alumínio,6,"vela de ignicao da marca valeo, compatível com nissan versa, fabricado com alumínio.",OE86847802,2022-06-23,china
268,carro,vw gol,interior,painel central,valeo,vw gol,2011,2402.54,18,Lima S.A.,4463672709316,26.98,46x65x8,plástico,18,"painel central da marca valeo, compatível com vw gol, fabricado com vidro.",OE93110478,2024-03-30,japão
269,carro,renault sandero,interior,painel central,monroe,renault sandero,2023,988.19,55,Gonçalves e Filhos,7327733867766,79.94,22x52x12,plástico,12,"painel central da marca monroe, compatível com renault sandero, fabricado com plástico.",OE58542155,2024-05-01,brasil
270,caminhao,volkswagen constellation,motor,bomba de oleo,magneti marelli,volkswagen constellation,2024,5042.5,92,Caldeira Ltda.,490598266658,65.64,55x48x24,alumínio,36,"bomba de oleo da marca magneti marelli, compatível com volkswagen constellation, fabricado com cerâmica.",OE35983568,2022-07-01,méxico
271,caminhao,scania r440,ar-condicionado,compressor de ar,valeo,scania r440,2021,4930.14,11,Caldeira,1088658204260,29.65,14x76x44,alumínio,18,"compressor de ar da marca valeo, compatível com scania r440, fabricado com aço.",OE87222936,2022-05-24,china
274,carro,chevrolet onix,freios,cilindro mestre,magneti marelli,chevrolet onix,2021,3753.89,93,Carvalho,877649677609,56.82,36x20x32,cerâmica,6,"cilindro mestre da marca magneti marelli, compatível com chevrolet onix, fabricado com cerâmica.",OE96292288,2024-02-29,itália
277,carro,peugeot 208,eletrica,motor de partida,bosch,peugeot 208,2014,5877.52,91,Nunes,8329565958000,44.59,23x78x33,aço,18,"motor de partida da marca bosch, compatível com peugeot 208, fabricado com alumínio.",OE81106070,2023-04-30,china
278,carro,jeep renegade,eletrica,alternador,trw,jeep renegade,2016,233.42,80,Caldeira,3672597741931,75.6,65x17x41,aço,12,"alternador da marca trw, compatível com jeep renegade, fabricado com aço.",OE72962582,2023-09-04,alemanha
279,carro,jeep renegade,ar-condicionado,condensador,bosch,jeep renegade,2021,200.21,99,da Cruz S.A.,2768687594974,48.75,67x72x28,vidro,18,"condensador da marca bosch, compatível com jeep renegade, fabricado com vidro.",OE64804280,2024-09-27,alemanha
280,carro,vw gol,interior,maçaneta interna,valeo,vw gol,2010,2225.69,74,Cardoso Costa - EI,9008029428400,55.56,20x60x38,plástico,6,"maçaneta interna da marca valeo, compatível com vw gol, fabricado com plástico.",OE44110513,2022-08-11,alemanha
281,carro,peugeot 208,ar-condicionado,evaporador,trw,peugeot 208,2015,1116.61,94,Silveira S.A.,6790357019377,20.99,57x46x49,alumínio,12,"evaporador da marca trw, compatível com peugeot 208, fabricado com cerâmica.",OE60547891,2022-05-10,méxico
282,carro,honda civic,ar-condicionado,evaporador,hella,honda civic,2013,4370.72,70,Melo e Filhos,8441656565482,33.21,19x71x42,alumínio,24,"evaporador da marca hella, compatível com honda civic, fabricado com ferro fundido.",OE42717006,2024-05-23,alemanha
283,carro,hyundai hb20,interior,botão do painel,trw,hyundai hb20,2010,1782.38,78,Correia Araújo S/A,4723789046637,27.34,54x27x30,plástico,24,"botão do painel da marca trw, compatível com hyundai hb20, fabricado com cerâmica.",OE34733080,2022-11-11,méxico
284,caminhao,daf xf 105,freios,disco de freio,luk,daf xf 105,2020,2335.19,29,Freitas,1120114953715,45.06,28x80x9,cerâmica,18,"disco de freio da marca luk, compatível com daf xf 105, fabricado com cerâmica.",OE34242068,2022-05-27,méxico
285,carro,peugeot 208,freios,pastilha de freio,mahle,peugeot 208,2014,3993.11,31,Gomes,32200238167,20.76,10x23x43,cerâmica,12,"pastilha de freio da marca mahle, compatível com peugeot 208, fabricado com aço.",OE40213897,2022-10-06,eua
286,caminhao,mercedes-benz actros,ar-condicionado,compressor de ar,trw,mercedes-benz actros,2021,5973.77,0,Fernandes,9418462289047,25.54,30x60x28,alumínio,18,"compressor de ar da marca trw, compatível com mercedes-benz actros, fabricado com plástico.",OE14460738,2025-03-05,itália
287,carro,nissan versa,ar-condicionado,filtro de cabine,monroe,nissan versa,2018,5627.4,88,Rezende,7287616485015,37.1,53x68x20,cerâmica,12,"filtro de cabine da marca monroe, compatível com nissan versa, fabricado com cerâmica.",OE36688164,2024-12-16,japão
288,caminhao,volvo fh 540,motor,bomba de oleo,bosch,volvo fh 540,2015,2554.79,24,da Paz,3182697979238,21.78,62x22x32,alumínio,24,"bomba de oleo da marca bosch, compatível com volvo fh 540, fabricado com aço.",OE82241726,2023-07-26,itália
289,carro,chevrolet onix,suspensao,mola helicoidal,valeo,chevrolet onix,2010,969.67,80,Teixeira,1498182669341,11.86,64x15x26,vidro,12,"mola helicoidal da marca valeo, compatível com chevrolet onix, fabricado com vidro.",OE55032444,2023-04-05,itália
290,carro,honda civic,suspensao,bucha da bandeja,monroe,honda civic,2017,1101.13,33,Rezende Ferreira - ME,2292033020584,68.12,18x24x42,ferro fundido,6,"bucha da bandeja da marca monroe, compatível com honda civic, fabricado com ferro fundido.",OE66324685,2022-07-17,brasil
292,carro,toyota corolla,freios,cilindro mestre,cofap,toyota corolla,2011,5217.45,33,Jesus,4011453982719,4.62,52x20x41,cerâmica,6,"cilindro mestre da marca cofap, compatível com toyota corolla, fabricado com cerâmica.",OE27739834,2023-07-01,méxico
293,carro,toyota corolla,eletrica,relé,mahle,toyota corolla,2024,733.32,98,Melo Freitas - ME,6473316674526,30.34,74x67x16,plástico,24,"relé da marca mahle, compatível com toyota corolla, fabricado com alumínio.",OE85692425,2023-01-31,alemanha
294,carro,honda civic,ar-condicionado,condensador,magneti marelli,honda civic,2017,1843.83,8,Ramos Moura S.A.,7228397359812,74.48,44x37x40,ferro fundido,36,"condensador da marca magneti marelli, compatível com honda civic, fabricado com ferro fundido.",OE43130190,2023-02-14,brasil
295,carro,renault sandero,eletrica,bateria 60ah,monroe,renault sandero,2024,3019.6,25,Moura,512706902583,39.17,59x54x29,aço,24,"bateria 60ah da marca monroe, compatível com renault sandero, fabricado com aço.",OE92444526,2023-01-24,eua
296,carro,chevrolet onix,iluminacao,lampada de farol,bosch,chevrolet onix,2016,3234.03,92,Duarte,512472061897,17.74,10x43x38,vidro,36,"lampada de farol da marca bosch, compatível com chevrolet onix, fabricado com borracha.",OE24333704,2024-10-13,brasil
299,carro,chevrolet onix,eletrica,relé,cofap,chevrolet onix,2019,4679.94,30,Rezende Rocha - ME,5158379170734,54.06,72x52x7,plástico,6,"relé da marca cofap, compatível com chevrolet onix, fabricado com vidro.",OE66039034,2022-06-10,brasil
300,carro,nissan versa,freios,tambor de freio,hella,nissan versa,2022,5576.79,88,Costa,9300820175393,42.29,39x79x42,vidro,12,"tambor de freio da marca hella, compatível com nissan versa, fabricado com vidro.",OE94105567,2023-11-13,japão
